<?xml version="1.0" encoding="utf-8"?>
<ModMetadata xmlns:xsd="http://www.w3.org/2001/XMLSchema" xmlns:xsi="http://www.w3.org/2001/XMLSchema-instance">
  <Name>ExampleMod [StationeersMods]</Name>
  <Author>Example</Author>
  <Version>0.2.3761.18233.1</Version>
  <Description>
        WARNING: This is a StationeersMods Plugin Mod. It requires Bepinex to be installed with the StationeersMods plugin.
        See: https://github.com/jixxed/StationeersMods

		Description
		Description
		Description
		Description
		Description
		Description
		Description
		Description
		Description
    </Description>
  <Tags />
</ModMetadata>